,name,borough,zip
691,W 59 St & 10 Ave,Manhattan,100
366,West End Ave & W 60 St,Manhattan,100
55,1 Ave & E 6 St,Manhattan,1002
1383,E 2 St & 2 Ave,Manhattan,1002
25,11 St & Washington St,Jersey City,7030
72,12 St & Sinatra Dr N,Jersey City,7030
3,14 St Ferry - 14 St & Shipyard Ln,Jersey City,7030
60,4 St & Grand St,Jersey City,7030
11,6 St & Grand St,Jersey City,7030
20,7 St & Monroe St,Jersey City,7030
19,8 St & Washington St,Jersey City,7030
76,9 St HBLR - Jackson St & 8 St,Jersey City,7030
35,Adams St & 11 St,Jersey City,7030
26,Adams St & 2 St,Jersey City,7030
51,Church Sq Park - 5 St & Park Ave,Jersey City,7030
66,City Hall - Washington St & 1 St,Jersey City,7030
22,Clinton St & 7 St,Jersey City,7030
27,Columbus Park - Clinton St & 9 St,Jersey City,7030
46,Grand St & 14 St,Jersey City,7030
82,Grand St & 2 St,Jersey City,7030
57,Hoboken Terminal - Hudson St & Hudson Pl,Jersey City,7030
39,Hoboken Terminal - River St & Hudson Pl,Jersey City,7030
74,Hudson St & 4 St,Jersey City,7030
78,Madison St & 1 St,Jersey City,7030
43,Madison St & 10 St,Jersey City,7030
0,Mama Johnson Field - 4 St & Jackson St,Jersey City,7030
23,South Waterfront Walkway - Sinatra Dr & 1 St,Jersey City,7030
34,Southwest Park - Jackson St & Observer Hwy,Jersey City,7030
47,Stevens - River Ter & 6 St,Jersey City,7030
79,Willow Ave & 12 St,Jersey City,7030
17,Bloomfield St & 15 St,Jersey City,7087
62,Riverview Park,Jersey City,7087
77,Brunswick & 6th,Jersey City,7302
31,Brunswick St,Jersey City,7302
5,City Hall,Jersey City,7302
24,Columbus Drive,Jersey City,7302
28,Dixon Mills,Jersey City,7302
73,Essex Light Rail,Jersey City,7302
6,Glenwood Ave,Jersey City,7302
29,Grand St,Jersey City,7302
14,Grove St PATH,Jersey City,7302
61,Hamilton Park,Jersey City,7302
32,JC Medical Center,Jersey City,7302
37,Jersey & 3rd,Jersey City,7302
52,Jersey & 6th St,Jersey City,7302
65,Manila & 1st,Jersey City,7302
18,Marin Light Rail,Jersey City,7302
36,McGinley Square,Jersey City,7302
58,Monmouth and 6th,Jersey City,7302
30,Montgomery St,Jersey City,7302
49,Morris Canal,Jersey City,7302
67,Newark Ave,Jersey City,7302
56,Paulus Hook,Jersey City,7302
44,Van Vorst Park,Jersey City,7302
68,Warren St,Jersey City,7302
75,Washington St,Jersey City,7302
21,Astor Place,Jersey City,7304
55,Bergen Ave,Jersey City,7304
42,Communipaw & Berry Lane,Jersey City,7304
116,JCBS Depot,Jersey City,7304
59,Lafayette Park,Jersey City,7304
4,Liberty Light Rail,Jersey City,7304
86,Liberty Light Rail,Jersey City,7304
33,Lincoln Park,Jersey City,7304
64,Union St,Jersey City,7304
13,Bergen Ave & Stegman St,Jersey City,7305
9,Grant Ave & MLK Dr,Jersey City,7305
8,Jackson Square,Jersey City,7305
15,5 Corners Library,Jersey City,7306
1,Baldwin at Montgomery,Jersey City,7306
63,Christ Hospital,Jersey City,7306
41,Dey St,Jersey City,7306
71,Fairmount Ave,Jersey City,7306
16,Hilltop,Jersey City,7306
2,Journal Square,Jersey City,7306
7,Oakland Ave,Jersey City,7306
40,Sip Ave,Jersey City,7306
80,2 St HBLR - 2 St & Marshall St,Jersey City,7307
12,Heights Elevator,Jersey City,7307
50,Leonard Gordon Park,Jersey City,7307
10,Marshall St & 2 St,Jersey City,7307
70,Pershing Field,Jersey City,7307
38,Clinton St & Newark St,Jersey City,7310
54,Hoboken Ave at Monmouth St,Jersey City,7310
53,Newport PATH,Jersey City,7310
69,Newport Pkwy,Jersey City,7310
48,Columbus Dr at Exchange Pl,Jersey City,7311
45,Harborside,Jersey City,7311
192,10 Ave & W 28 St,Manhattan,10001
1517,10 Ave & W 28 St,Manhattan,10001
651,11 Ave & W 27 St,Manhattan,10001
780,8 Ave & W 27 St,Manhattan,10001
523,8 Ave & W 33 St,Manhattan,10001
26,Broadway & W 25 St,Manhattan,10001
1113,E 27 St & Park Ave S,Manhattan,10001
981,Gansevoort St & Hudson St,Manhattan,10001
1372,Lab - NYC,Manhattan,10001
1522,Lab - NYC,Manhattan,10001
995,W 25 St & 6 Ave,Manhattan,10001
294,W 26 St & 10 Ave,Manhattan,10001
1400,W 26 St & 8 Ave,Manhattan,10001
9,W 27 St & 7 Ave,Manhattan,10001
1129,W 29 St & 9 Ave,Manhattan,10001
983,W 30 St & 8 Ave,Manhattan,10001
382,W 31 St & 7 Ave,Manhattan,10001
1171,W 35 St & 9 Ave,Manhattan,10001
362,W 35 St & Dyer Ave,Manhattan,10001
1073,Allen St & Hester St,Manhattan,10002
202,Allen St & Rivington St,Manhattan,10002
910,Allen St & Stanton St,Manhattan,10002
98,Bialystoker Pl & Delancey St,Manhattan,10002
970,Canal St & Rutgers St,Manhattan,10002
975,Cherry St,Manhattan,10002
371,Clinton St & Cherry St,Manhattan,10002
577,Clinton St & Grand St,Manhattan,10002
1502,Clinton St\t& Cherry St,Manhattan,10002
328,Columbia St & Rivington St,Manhattan,10002
744,Delancey St & Eldridge St,Manhattan,10002
375,Division St & Bowery,Manhattan,10002
740,E 2 St & Avenue B,Manhattan,10002
159,E 2 St & Avenue C,Manhattan,10002
1436,"Forsyth St	& Grand St",Manhattan,10002
248,Forsyth St & Broome St,Manhattan,10002
1268,Forsyth St & Canal St,Manhattan,10002
617,Forsyth St\t& Grand St,Manhattan,10002
1187,Grand St & Samuel Dickstein Plaza,Manhattan,10002
64,Henry St & Grand St,Manhattan,10002
264,Madison St & Clinton St,Manhattan,10002
1295,Madison St & Montgomery St,Manhattan,10002
510,Market St & Cherry St,Manhattan,10002
1507,Market St & Cherry St,Manhattan,10002
116,Market St & Henry St,Manhattan,10002
416,Norfolk St & Broome St,Manhattan,10002
1525,NYCBS DEPOT - DELANCEY,Manhattan,10002
648,Orchard St & Grand St,Manhattan,10002
1300,Pike St & E Broadway,Manhattan,10002
92,Pike St & Monroe St,Manhattan,10002
506,Pitt St & Stanton St,Manhattan,10002
173,Rivington St & Chrystie St,Manhattan,10002
993,Rivington St & Ridge St,Manhattan,10002
1306,Rutgers St & Henry St,Manhattan,10002
553,South St & Pike St,Manhattan,10002
1515,South St & Pike St,Manhattan,10002
1291,Stanton St & Mangin St,Manhattan,10002
330,Stanton St & Norfolk St,Manhattan,10002
82,Suffolk St & Stanton St,Manhattan,10002
679,12 Ave & W 40 St,Manhattan,10003
135,4 Ave & E 12 St,Manhattan,10003
150,Broadway & E 14 St,Manhattan,10003
99,E 1 St & 1 Ave,Manhattan,10003
120,E 10 St & 2 Ave,Manhattan,10003
949,E 11 St & 3 Ave,Manhattan,10003
119,E 14 St & 1 Ave,Manhattan,10003
977,E 15 St & 3 Ave,Manhattan,10003
166,E 16 St & 5 Ave,Manhattan,10003
842,E 16 St & Irving Pl,Manhattan,10003
806,E 19 St & 3 Ave,Manhattan,10003
380,E 20 St & Park Ave,Manhattan,10003
1021,E 5 St & Cooper Sq,Manhattan,10003
1152,E 6 St & 2 Ave,Manhattan,10003
1485,E 6 St 2 Ave,Manhattan,10003
982,E 9 St & 5 Ave,Manhattan,10003
214,Lafayette St & E 8 St,Manhattan,10003
30,St Marks Pl & 1 Ave,Manhattan,10003
486,St Marks Pl & 2 Ave,Manhattan,10003
1005,University Pl & E 14 St,Manhattan,10003
1011,W 42 St & 8 Ave,Manhattan,10003
717,Broad St & Bridge St,Manhattan,10004
1483,Broad St & Water St,Manhattan,10004
27,Bus Slip & State St,Manhattan,10004
1241,Picnic Point,Manhattan,10004
1235,Soissons Landing,Manhattan,10004
422,South St & Whitehall St,Manhattan,10004
622,Water St &  Fletcher St,Manhattan,10004
1375,6 Ave & Canal St,Manhattan,10005
944,Franklin St & W Broadway,Manhattan,10005
45,Liberty St & Nassau St,Manhattan,10005
828,Old Slip & South St,Manhattan,10005
148,Water St & Gouverneur Ln,Manhattan,10005
33,Watts St & Greenwich St,Manhattan,10005
242,Albany St & Greenwich St,Manhattan,10006
928,Broadway & Morris St,Manhattan,10006
325,Greenwich St & Rector St,Manhattan,10006
584,Barclay St & Church St,Manhattan,10007
1491,Duane St & Greenwich St,Manhattan,10007
369,Murray St & Greenwich St,Manhattan,10007
372,Vesey St & Church St,Manhattan,10007
1278,Warren St & W Broadway,Manhattan,10007
60,1 Ave & E 16 St,Manhattan,10009
232,Ave A & E 11 St,Manhattan,10009
168,Ave A & E 14 St,Manhattan,10009
628,Ave D & E 8 St,Manhattan,10009
778,Avenue C & E 18 St,Manhattan,10009
1269,Avenue D & E 10 St,Manhattan,10009
1169,Avenue D & E 12 St,Manhattan,10009
355,Avenue D & E 3 St,Manhattan,10009
1124,E 10 St & Avenue A,Manhattan,10009
160,E 11 St & 1 Ave,Manhattan,10009
48,E 11 St & Avenue B,Manhattan,10009
741,E 12 St & 3 Ave,Manhattan,10009
1036,E 12 St & Ave C,Manhattan,10009
1166,E 13 St & Avenue A,Manhattan,10009
1125,E 14 St & Avenue B,Manhattan,10009
1266,E 2 St & Avenue A,Manhattan,10009
1487,E 20 St & FDR Drive,Manhattan,10009
714,E 3 St & 1 Ave,Manhattan,10009
904,E 4 St & 2 Ave,Manhattan,10009
654,E 4 St & Ave B,Manhattan,10009
528,E 5 St & Ave A,Manhattan,10009
59,E 5 St & Avenue C,Manhattan,10009
1198,E 6 St & Avenue B,Manhattan,10009
1109,E 6 St & Avenue D,Manhattan,10009
467,E 7 St & Ave B,Manhattan,10009
95,E 7 St & Ave C,Manhattan,10009
1097,E 7 St & Avenue A,Manhattan,10009
1337,E 9 St & Avenue C,Manhattan,10009
66,E Houston St & Columbia St,Manhattan,10009
1027,Stuyvesant Walk & 1 Av Loop,Manhattan,10009
843,1 Ave & E 18 St,Manhattan,10010
97,Broadway & E 21 St,Manhattan,10010
1081,E 17 St & Broadway,Manhattan,10010
713,E 20 St & 2 Ave,Manhattan,10010
618,E 20 St & FDR Dr,Manhattan,10010
655,E 22 St & 2 Ave,Manhattan,10010
1023,E 23 St & 1 Ave,Manhattan,10010
37,E 25 St & 1 Ave,Manhattan,10010
749,E 25 St & 2 Ave,Manhattan,10010
1179,Madison Ave & E 26 St,Manhattan,10010
198,8 Ave & W 16 St,Manhattan,10011
627,MacDougal St & Washington Sq,Manhattan,10011
1077,W 13 St & 5 Ave,Manhattan,10011
1022,W 13 St & 7 Ave,Manhattan,10011
1018,W 15 St & 6 Ave,Manhattan,10011
1428,W 15 St & 7 Ave,Manhattan,10011
28,W 16 St & The High Line,Manhattan,10011
1098,W 17 St & 8 Ave,Manhattan,10011
906,W 18 St & 6 Ave,Manhattan,10011
1138,W 18 St & 9 Ave,Manhattan,10011
319,W 20 St & 10 Ave,Manhattan,10011
343,W 20 St & 7 Ave,Manhattan,10011
76,W 20 St & 8 Ave,Manhattan,10011
1520,W 20 St & 8 Ave,Manhattan,10011
935,W 21 St & 6 Ave,Manhattan,10011
1362,W 22 St & 10 Ave,Manhattan,10011
849,W 22 St & 8 Ave,Manhattan,10011
8,W 24 St & 7 Ave,Manhattan,10011
747,Washington Pl & 6 Ave,Manhattan,10011
673,Bleecker St & Crosby St,Manhattan,10012
616,Cleveland Pl & Spring St,Manhattan,10012
138,Great Jones St,Manhattan,10012
620,Greene St & Prince St,Manhattan,10012
1228,Kenmare St & Elizabeth St,Manhattan,10012
96,Lafayette St & Jersey St,Manhattan,10012
658,LaGuardia Pl & W 3 St,Manhattan,10012
1512,LaGuardia Pl & W 3 St,Manhattan,10012
155,MacDougal St & Prince St,Manhattan,10012
656,Mercer St & Bleecker St,Manhattan,10012
274,Mercer St & Spring St,Manhattan,10012
38,Mott St & Prince St,Manhattan,10012
680,Stanton St & Chrystie St,Manhattan,10012
1071,Sullivan St & Washington Sq,Manhattan,10012
417,Thompson St & Bleecker St,Manhattan,10012
1096,University Pl & E 8 St,Manhattan,10012
320,W Broadway & Spring St,Manhattan,10012
189,W Broadway & W Houston St,Manhattan,10012
1399,Washington Pl & Broadway,Manhattan,10012
80,Washington Square E,Manhattan,10012
650,6 Ave & Walker St,Manhattan,10013
429,Bayard St & Baxter St,Manhattan,10013
377,Centre St & Chambers St,Manhattan,10013
1265,Duane St & Hudson St,Manhattan,10013
555,Grand St & Elizabeth St,Manhattan,10013
179,Grand St & Greene St,Manhattan,10013
653,Greenwich St & Hubert St,Manhattan,10013
601,Harrison St & Hudson St,Manhattan,10013
432,Howard St & Lafayette St,Manhattan,10013
247,Laight St & Hudson St,Manhattan,10013
142,Leonard St & Church St,Manhattan,10013
162,Lispenard St & Broadway,Manhattan,10013
237,North Moore St & Greenwich St,Manhattan,10013
318,Reade St & Broadway,Manhattan,10013
376,Spring St & Hudson St,Manhattan,10013
1122,Washington St & Laight St,Manhattan,10013
1092,West Broadway & Watts St,Manhattan,10013
986,6 Ave & Broome St,Manhattan,10014
1527,7 Ave & Bleecker St,Manhattan,10014
184,7 Ave S & Bleecker St,Manhattan,10014
963,Bank St & Hudson St,Manhattan,10014
1019,Bank St & Washington St,Manhattan,10014
745,Barrow St & Hudson St,Manhattan,10014
356,Carmine St & 6 Ave,Manhattan,10014
619,Christopher St & Greenwich St,Manhattan,10014
1255,Greenwich Ave & 8 Ave,Manhattan,10014
134,Greenwich Ave & Charles St,Manhattan,10014
521,Greenwich St & Perry St,Manhattan,10014
1427,Greenwich St & W Houston St,Manhattan,10014
953,Hudson St & N Moore St,Manhattan,10014
23,Hudson St & Reade St,Manhattan,10014
782,Hudson St & W 13 St,Manhattan,10014
124,King St & Varick St,Manhattan,10014
827,Morton St & Washington St,Manhattan,10014
515,Perry St & Bleecker St,Manhattan,10014
779,Perry St & Greenwich Ave,Manhattan,10014
1513,Pier 40 Dock Station,Manhattan,10014
1523,Pier 40 X2,Manhattan,10014
61,W 10 St & Washington St,Manhattan,10014
1099,W 11 St & 6 Ave,Manhattan,10014
1020,W 12 St & Hudson St,Manhattan,10014
40,W 4 St & 7 Ave S,Manhattan,10014
0,Washington St & Barrow St,Manhattan,10014
100,Washington St & Gansevoort St,Manhattan,10014
1078,1 Ave & E 30 St,Manhattan,10016
1304,2 Ave & E 29 St,Manhattan,10016
820,2 Ave & E 31 St,Manhattan,10016
652,E 26 St & 3 Ave,Manhattan,10016
822,E 27 St & 1 Ave,Manhattan,10016
113,E 30 St & Park Ave S,Manhattan,10016
278,E 31 St & 3 Ave,Manhattan,10016
364,E 32 St & Park Ave,Manhattan,10016
153,E 33 St & 1 Ave,Manhattan,10016
948,E 33 St & 5 Ave,Manhattan,10016
511,E 39 St & 2 Ave,Manhattan,10016
71,E 39 St & Lexington Ave,Manhattan,10016
490,E 40 St & 5 Ave,Manhattan,10016
84,E 40 St & Park Ave,Manhattan,10016
1087,1 Ave & E 39 St,Manhattan,10017
269,1 Ave & E 44 St,Manhattan,10017
1503,E 41 St & Madison Ave,Manhattan,10017
787,E 41 St & Madison Ave (SE corner),Manhattan,10017
809,E 41 St & Madison Ave (SW corner),Manhattan,10017
236,E 44 St & 2 Ave,Manhattan,10017
846,E 44 St & Lexington Ave,Manhattan,10017
405,E 45 St & 3 Ave,Manhattan,10017
1331,E 47 St & 1 Ave,Manhattan,10017
15,E 47 St & 2 Ave,Manhattan,10017
56,E 48 St & 3 Ave,Manhattan,10017
7,E 48 St & 5 Ave,Manhattan,10017
514,FDR Drive & E 35 St,Manhattan,10017
255,11 Ave & W 41 St,Manhattan,10018
440,8 Ave & W 38 St,Manhattan,10018
261,Broadway & W 38 St,Manhattan,10018
882,W 36 St & 7 Ave,Manhattan,10018
250,W 36 St & 9 Ave,Manhattan,10018
441,W 37 St & 10 Ave,Manhattan,10018
746,W 37 St & 5 Ave,Manhattan,10018
180,W 37 St & Broadway,Manhattan,10018
70,W 39 St & 9 Ave,Manhattan,10018
1526,W 40 St & 5 Ave,Manhattan,10018
442,W 44 St & 11 Ave,Manhattan,10018
519,10 Ave & W 14 St,Manhattan,10019
1471,58 St & Pier 4,Brooklyn,10019
474,6 Ave & W 33 St,Manhattan,10019
1508,6 Ave & W 33 St,Manhattan,10019
724,6 Ave & W 34 St,Manhattan,10019
86,6 Ave & W 45 St,Manhattan,10019
337,7 Ave & Central Park South,Manhattan,10019
1518,7 Ave & Central Park South,Manhattan,10019
77,8 Ave & W 49 St,Manhattan,10019
951,8 Ave & W 52 St,Manhattan,10019
905,9 Ave & W 18 St,Manhattan,10019
1261,9 Ave & W 22 St,Manhattan,10019
701,9 Ave & W 45 St,Manhattan,10019
1443,"Broadway	& W 48 St",Manhattan,10019
185,Broadway & W 29 St,Manhattan,10019
167,Broadway & W 36 St,Manhattan,10019
866,Broadway & W 37 St,Manhattan,10019
361,Broadway & W 51 St,Manhattan,10019
426,Broadway & W 53 St,Manhattan,10019
889,Broadway & W 56 St,Manhattan,10019
750,Broadway & W 58 St,Manhattan,10019
1007,Broadway\t& W 48 St,Manhattan,10019
395,Cooper Square & Astor Pl,Manhattan,10019
893,W 42 St & 6 Ave,Manhattan,10019
1116,W 49 St & 8 Ave,Manhattan,10019
1210,W 50 St & 10 Ave,Manhattan,10019
181,W 50 St & 9 Ave,Manhattan,10019
169,W 52 St & 11 Ave,Manhattan,10019
329,W 52 St & 6 Ave,Manhattan,10019
365,W 53 St & 10 Ave,Manhattan,10019
956,W 54 St & 11 Ave,Manhattan,10019
149,W 54 St & 9 Ave,Manhattan,10019
1016,W 56 St & 10 Ave,Manhattan,10019
791,W 56 St & 6 Ave,Manhattan,10019
1200,1 Ave & E 68 St,Manhattan,10021
315,3 Ave & E 71 St,Manhattan,10021
952,E 66 St & Madison Ave,Manhattan,10021
1446,E 67 St & Park Ave,Manhattan,10021
756,E 68 St & 3 Ave,Manhattan,10021
965,E 68 St & Madison Ave,Manhattan,10021
966,E 72 St & Park Ave,Manhattan,10021
317,E 72 St & York Ave,Manhattan,10021
103,E 74 St & 1 Ave,Manhattan,10021
1137,E 75 St & 3 Ave,Manhattan,10021
574,E 76 St & Park Ave,Manhattan,10021
665,E 78 St & 2 Ave,Manhattan,10021
1039,2 Ave & E 55 St,Manhattan,10022
1006,E 51 St & 1 Ave,Manhattan,10022
1076,E 51 St & 2 Ave,Manhattan,10022
491,E 51 St & Lexington Ave,Manhattan,10022
239,E 53 St & Lexington Ave,Manhattan,10022
972,E 54 St & 1 Ave,Manhattan,10022
334,E 55 St & 2 Ave,Manhattan,10022
16,E 56 St & 3 Ave,Manhattan,10022
700,E 56 St & Madison Ave,Manhattan,10022
1161,E 58 St & 1 Ave (NE Corner),Manhattan,10022
81,E 58 St & 1 Ave (NW Corner),Manhattan,10022
969,E 58 St & 3 Ave,Manhattan,10022
805,E 58 St & Madison Ave,Manhattan,10022
342,E 59 St & Madison Ave,Manhattan,10022
1074,Madison Av & E 51 St,Manhattan,10022
659,Amsterdam Ave & W 66 St,Manhattan,10023
252,Amsterdam Ave & W 73 St,Manhattan,10023
292,Central Park West & W 68 St,Manhattan,10023
552,Central Park West & W 72 St,Manhattan,10023
293,Central Park West & W 76 St,Manhattan,10023
664,Columbus Ave & W 72 St,Manhattan,10023
358,W 63 St & Broadway,Manhattan,10023
448,W 67 St & Broadway,Manhattan,10023
431,W 70 St & Amsterdam Ave,Manhattan,10023
1343,W 74 St & Columbus Ave,Manhattan,10023
18,W 76 St & Columbus Ave,Manhattan,10023
894,W 92 St & Broadway,Manhattan,10023
557,Amsterdam Ave & W 79 St,Manhattan,10024
1509,Amsterdam Ave & W 79 St,Manhattan,10024
228,Amsterdam Ave & W 82 St,Manhattan,10024
961,Central Park West & W 85 St,Manhattan,10024
978,Riverside Dr & W 78 St,Manhattan,10024
657,Riverside Dr & W 82 St,Manhattan,10024
1114,Riverside Dr & W 91 St,Manhattan,10024
661,W 82 St & Central Park West,Manhattan,10024
221,W 84 St & Broadway,Manhattan,10024
17,W 84 St & Columbus Ave,Manhattan,10024
958,W 87 St & Amsterdam Ave,Manhattan,10024
1009,W 87 St & West End Ave,Manhattan,10024
31,W 89 St & Columbus Ave,Manhattan,10024
642,W 90 St & Amsterdam Ave,Manhattan,10024
926,West End Ave & W 78 St,Manhattan,10024
840,Cathedral Pkwy & Broadway,Manhattan,10025
200,Central Park W & W 103 St,Manhattan,10025
890,Central Park W & W 91 St,Manhattan,10025
1494,Central Park W & W 97 St,Manhattan,10025
1249,Columbus Ave & W 103 St,Manhattan,10025
425,Columbus Ave & W 95 St,Manhattan,10025
1222,Riverside Dr & W 104 St,Manhattan,10025
788,W 100 St & Broadway,Manhattan,10025
667,W 100 St & Manhattan Ave,Manhattan,10025
109,W 104 St & Amsterdam Ave,Manhattan,10025
182,W 106 St & Amsterdam Ave,Manhattan,10025
753,W 106 St & Central Park West,Manhattan,10025
291,W 107 St & Columbus Ave,Manhattan,10025
277,W 110 St & Amsterdam Ave,Manhattan,10025
823,W 113 St & Broadway,Manhattan,10025
290,W 95 St & Broadway,Manhattan,10025
12,West End Ave & W 107 St,Manhattan,10025
925,West End Ave & W 94 St,Manhattan,10025
1141,Adam Clayton Powell Blvd & W 115 St,Manhattan,10026
101,Adam Clayton Powell Blvd & W 118 St,Manhattan,10026
211,Central Park North & Adam Clayton Powell Blvd,Manhattan,10026
801,Frederick Douglass Blvd & W 112 St,Manhattan,10026
123,Frederick Douglass Blvd & W 115 St,Manhattan,10026
268,Frederick Douglass Blvd & W 117 St,Manhattan,10026
304,Lenox Ave & W 117 St,Manhattan,10026
1064,12 Ave & W 125 St,Manhattan,10027
1274,5 Ave & W 126 St,Manhattan,10027
1221,Adam Clayton Powell Blvd & W 123 St,Manhattan,10027
345,Adam Clayton Powell Blvd & W 126 St,Manhattan,10027
1397,Adam Clayton Powell Blvd & W 132 St,Manhattan,10027
210,Amsterdam Ave & W 125 St,Manhattan,10027
453,Amsterdam Ave & W 131 St,Manhattan,10027
927,Broadway & W 122 St,Manhattan,10027
1119,Broadway & W 131 St,Manhattan,10027
959,Broadway & W 133 St,Manhattan,10027
623,Frederick Douglass Blvd & W 129 St,Manhattan,10027
204,Lenox Ave & W 130 St,Manhattan,10027
998,Morningside Ave & W 123 St,Manhattan,10027
408,Morningside Dr & Amsterdam Ave,Manhattan,10027
1139,Mt Morris Park W & W 120 St,Manhattan,10027
1230,Old Broadway & W 133 St,Manhattan,10027
152,St Nicholas Ave & Manhattan Ave,Manhattan,10027
359,W 116 St & Amsterdam Ave,Manhattan,10027
868,W 116 St & Broadway,Manhattan,10027
1308,W 120 St & Claremont Ave,Manhattan,10027
829,W 129 St & Convent Ave,Manhattan,10027
424,W 133 St & 12 Ave,Manhattan,10027
220,E 81 St & 2 Ave,Manhattan,10028
1111,E 81 St & 3 Ave,Manhattan,10028
594,E 81 St & Park Ave,Manhattan,10028
475,E 82 St & East End Ave,Manhattan,10028
50,E 84 St & 1 Ave,Manhattan,10028
415,E 84 St & Park Ave,Manhattan,10028
114,E 85 St & 3 Ave,Manhattan,10028
989,E 85 St & York Ave,Manhattan,10028
1425,East End Ave & E 86 St,Manhattan,10028
449,Madison Ave & E 82 St,Manhattan,10028
1,1 Ave & E 110 St,Manhattan,10029
409,2 Ave & E 104 St,Manhattan,10029
858,3 Ave & E 100 St,Manhattan,10029
839,3 Ave & E 112 St,Manhattan,10029
716,5 Ave & E 103 St,Manhattan,10029
529,E 102 St & 1 Ave,Manhattan,10029
172,E 102 St & Park Ave,Manhattan,10029
1177,E 103 St & Lexington Ave,Manhattan,10029
524,E 106 St & 1 Ave,Manhattan,10029
1117,E 106 St & 2 Ave,Manhattan,10029
413,E 106 St & Lexington Ave,Manhattan,10029
5,E 106 St & Madison Ave,Manhattan,10029
1484,E 109 St & 3 Ave,Manhattan,10029
121,E 110 St & Madison Ave,Manhattan,10029
222,E 114 St & 1 Ave,Manhattan,10029
536,E 115 St & Lexington Ave,Manhattan,10029
260,E 115 St & Madison Ave,Manhattan,10029
582,E 97 St & 3 Ave,Manhattan,10029
844,Adam Clayton Powell Blvd & W 130 St,Manhattan,10030
253,Adam Clayton Powell Blvd & W 138 St,Manhattan,10030
419,Adam Clayton Powell Blvd & W 141 St,Manhattan,10030
154,Edgecombe Ave & W 145 St,Manhattan,10030
1061,Frederick Douglass Blvd & W 139 St,Manhattan,10030
1352,Lenox Ave & W 133 St,Manhattan,10030
800,Lenox Ave & W 140 St,Manhattan,10030
1140,St Nicholas Ave & W 134 St,Manhattan,10030
1106,St Nicholas Ave & W 137 St,Manhattan,10030
771,W 144 St & Adam Clayton Powell Blvd,Manhattan,10030
1457,Amsterdam Ave & W 136 St,Manhattan,10031
104,Broadway & W 142 St,Manhattan,10031
1459,Broadway & W 153 St,Manhattan,10031
434,Broadway & W 168 St,Manhattan,10031
1218,Convent Ave & W 135 St,Manhattan,10031
1133,Convent Ave & W 151 St,Manhattan,10031
462,Edgecombe Ave & W 141 St,Manhattan,10031
1371,Edgecombe Ave & W 150 St,Manhattan,10031
991,Hamilton Pl & W 138 St,Manhattan,10031
347,Hamilton Pl & W 140 St,Manhattan,10031
1298,Riverside Dr & W 138 St,Manhattan,10031
733,Riverside Dr & W 145 St,Manhattan,10031
1403,Riverside Dr & W 148 St,Manhattan,10031
1215,Riverside Dr & W 153 St,Manhattan,10031
386,St Nicholas Ave & W 150 St,Manhattan,10031
914,St. Nicholas Terrace & Convent Ave,Manhattan,10031
1135,W 140 St & Riverside Dr,Manhattan,10031
326,W 145 St & Amsterdam Ave,Manhattan,10031
703,W 146 St & Broadway,Manhattan,10031
430,W 148 St & Amsterdam Ave,Manhattan,10031
1045,Amsterdam Ave & W 156 St,Manhattan,10032
863,Amsterdam Ave & W 162 St,Manhattan,10032
908,Amsterdam Ave & W 167 St,Manhattan,10032
1273,Amsterdam Ave & W 172 St,Manhattan,10032
988,Broadway & W 155 St,Manhattan,10032
1250,Broadway & W 160 St,Manhattan,10032
702,Broadway & W 165 St,Manhattan,10032
1290,Edgecombe Ave & W 167 St,Manhattan,10032
1032,Fort Washington Ave & W 173 St,Manhattan,10032
335,Harlem River Dr & W 155 St,Manhattan,10032
1148,St. Nicholas Ave & W 155 St,Manhattan,10032
994,St. Nicholas Ave & W 157 St,Manhattan,10032
707,W 159 St & Edgecombe Ave,Manhattan,10032
108,W 160 St & St. Nicholas Ave,Manhattan,10032
1465,W 163 St & Edgecombe Ave,Manhattan,10032
1147,W 163 St & Riverside Dr,Manhattan,10032
671,W 165 St & Fort Washington Ave,Manhattan,10032
641,W 168th S & Fort Washington Ave,Manhattan,10032
1321,W 171 St & St. Nicholas Ave,Manhattan,10032
34,Amsterdam Ave & W 175 St,Manhattan,10033
1202,Amsterdam Ave & W 183 St,Manhattan,10033
540,Amsterdam Ave & W 186 St,Manhattan,10033
685,Audobon Ave & W 179 St,Manhattan,10033
719,Broadway & W 185 St,Manhattan,10033
1472,Cabrini Blvd & W 177 St,Manhattan,10033
1350,Fort Washington Ave & W 183 St,Manhattan,10033
698,Pinehurst Ave & W 187 St,Manhattan,10033
612,W 180 St & Ft Washington Ave,Manhattan,10033
1197,W 181 St & Riverside Dr,Manhattan,10033
1175,W 186 St & St. Nicholas Ave,Manhattan,10033
1093,Wadsworth Ave & W 175 St,Manhattan,10033
338,Wadsworth Ave & W 179 St,Manhattan,10033
1385,10 Ave & W 202 St,Manhattan,10034
1449,10 Ave & W 204 St,Manhattan,10034
660,10 Ave & W 207 St,Manhattan,10034
471,10 Ave & W 215 St,Manhattan,10034
1272,9 Ave & W 206 St,Manhattan,10034
1292,9 Ave & W 219 St,Manhattan,10034
1454,Academy St & Nagle Ave,Manhattan,10034
1143,Broadway & W 220 St,Manhattan,10034
834,Broadway & W 61 St,Manhattan,10034
110,Dyckman St & 10 Ave,Manhattan,10034
1051,Dyckman St & Henshaw St,Manhattan,10034
596,Dyckman St & Staff St,Manhattan,10034
1237,Isham St & Broadway,Manhattan,10034
613,Riverside Dr & Broadway,Manhattan,10034
1346,Seaman Ave & Beak St,Manhattan,10034
1170,Seaman Ave & Isham St,Manhattan,10034
610,W 204 St & Nagle Ave,Manhattan,10034
576,W 204 St & Vermilyea Ave,Manhattan,10034
406,W 212 St & 10 Ave,Manhattan,10034
1286,W 218 St & Broadway,Manhattan,10034
1058,W 218 St & Indian Rd,Manhattan,10034
411,2 Ave & E 122 St,Manhattan,10035
20,2 Ave & E 125 St,Manhattan,10035
942,2 Ave & E 72 St,Manhattan,10035
286,2 Ave & E 99 St,Manhattan,10035
280,3 Ave & E 72 St,Manhattan,10035
151,5 Ave & E 29 St,Manhattan,10035
178,5 Ave & E 63 St,Manhattan,10035
1038,E 116 St & 2 Ave,Manhattan,10035
830,E 118 St & 1 Ave,Manhattan,10035
143,E 118 St & 3 Ave,Manhattan,10035
711,E 118 St & Madison Ave,Manhattan,10035
402,E 118 St & Park Ave,Manhattan,10035
212,E 123 St & Lexington Ave,Manhattan,10035
1314,E 128 St & 3 Ave,Manhattan,10035
817,E 128 St & Madison Ave,Manhattan,10035
368,E 13 St & 2 Ave,Manhattan,10035
639,Lexington Ave & E 128 St,Manhattan,10035
407,Pleasant Ave & E 116 St,Manhattan,10035
854,Pleasant Ave & E 120 St,Manhattan,10035
891,Sunken Meadow Comfort Station,Manhattan,10035
852,Wards Meadow Comfort Station,Manhattan,10035
964,Broadway & W 41 St,Manhattan,10036
1528,StuyTown Depot,Manhattan,10036
397,W 41 St & 8 Ave,Manhattan,10036
1110,W 42 St & Dyer Ave,Manhattan,10036
83,W 43 St & 10 Ave,Manhattan,10036
1079,W 44 St & 5 Ave,Manhattan,10036
39,W 45 St & 8 Ave,Manhattan,10036
984,W 46 St & 11 Ave,Manhattan,10036
841,W 47 St & 10 Ave,Manhattan,10036
917,W 48 St &  Rockefeller Plaza,Manhattan,10036
1495,W 48 St & Rockefeller Plaza,Manhattan,10036
869,5 Av & W 139 St,Manhattan,10037
794,5 Ave & E 135 St,Manhattan,10037
1107,5 Ave & W 131 St,Manhattan,10037
785,E 132 St & Madison Ave,Manhattan,10037
341,E 138 St & 5 Av,Manhattan,10037
898,E 47 St & Park Ave,Manhattan,10037
36,E 50 St & Park Ave,Manhattan,10037
476,Lenox Ave & W 111 St,Manhattan,10037
690,Lenox Ave & W 115 St,Manhattan,10037
922,Lenox Ave & W 126 St,Manhattan,10037
674,Lenox Ave & W 144 St,Manhattan,10037
387,Lexington Ave & E 111 St,Manhattan,10037
1134,Lexington Ave & E 120 St,Manhattan,10037
976,Lexington Ave & E 127 St,Manhattan,10037
367,Lexington Ave & E 24 St,Manhattan,10037
821,Lexington Ave & E 26 St,Manhattan,10037
833,Lexington Ave & E 29 St,Manhattan,10037
35,Lexington Ave & E 36 St,Manhattan,10037
931,Madison Ave & E 120 St,Manhattan,10037
49,Madison Ave & E 99 St,Manhattan,10037
712,Park Ave & E 124 St,Manhattan,10037
1500,Pershing Square North,Manhattan,10037
1499,Pershing Square South,Manhattan,10037
1146,W 135 St & Lenox Terrace Pl,Manhattan,10037
754,Lincoln Ave & E 138 St,The Bronx,10037
946,Catherine St & Monroe St,Manhattan,10038
897,Cliff St & Fulton St,Manhattan,10038
161,Dock St & Front St,Manhattan,10038
862,Fulton St & Broadway,Manhattan,10038
1486,Fulton St & Pearl St,Manhattan,10038
333,John St & William St,Manhattan,10038
233,Maiden Ln & Pearl St,Manhattan,10038
754,Pearl St & Hanover Square,Manhattan,10038
825,Pearl St & Peck Slip,Manhattan,10038
884,Spruce St & Gold St,Manhattan,10038
231,Spruce St & Nassau St,Manhattan,10038
374,St James Pl & Oliver St,Manhattan,10038
792,St James Pl & Pearl St,Manhattan,10038
1182,Adam Clayton Powell Blvd & W 151 St,Manhattan,10039
370,Bradhurst Ave & W 148 St,Manhattan,10039
1195,Frederick Douglass Blvd & Harlem River Dr,Manhattan,10039
301,Frederick Douglass Blvd & W 145 St,Manhattan,10039
708,Lenox Ave & W 146 St,Manhattan,10039
1115,Macombs Pl & W 152 St,Manhattan,10039
340,W 147 St & Adam Clayton Powell Blvd,Manhattan,10039
418,W 155 St & Frederick Douglass Blvd,Manhattan,10039
201,11 Ave & W 59 St,Manhattan,10040
913,Amsterdam Ave & W 152 St,Manhattan,10040
720,Amsterdam Ave & W 180 St,Manhattan,10040
803,Amsterdam Ave & W 189 St,Manhattan,10040
305,Audubon Ave & Fort George Ave,Manhattan,10040
1435,Audubon Ave & W 192 St,Manhattan,10040
1349,Broadway & Ellwood St,Manhattan,10040
1172,Broadway & W 192 St,Manhattan,10040
987,Ft. Washington Ave & W 190 St,Manhattan,10040
1301,Margaret Corbin Plz & Ft Washington Ave,Manhattan,10040
551,Nagle Ave & Ellwood St,Manhattan,10040
710,Nagle Ave & Thayer St,Manhattan,10040
1167,Sherman Ave & Thayer St,Manhattan,10040
209,St. Nicholas Ave & W 126 St,Manhattan,10040
469,W 190 St & Broadway,Manhattan,10040
637,W 190 St & St. Nicholas Ave,Manhattan,10040
1312,South St & Gouverneur Ln,Manhattan,10041
307,Motorgate,Manhattan,10044
310,Roosevelt Island Tramway,Manhattan,10044
726,William St & Pine St,Manhattan,10045
957,E 53 St & Madison Ave,Manhattan,10055
810,1 Ave & E 62 St,Manhattan,10065
311,3 Ave & E 62 St,Manhattan,10065
1003,E 63 St & 3 Ave,Manhattan,10065
643,E 65 St & 2 Ave,Manhattan,10065
1162,Riverside Blvd & W 67 St,Manhattan,10069
270,Riverside Dr & W 72 St,Manhattan,10069
1000,W 64 St & Thelonious Monk Circle,Manhattan,10069
915,1 Ave & E 78 St,Manhattan,10075
556,5 Ave & E 72 St,Manhattan,10075
217,5 Ave & E 78 St,Manhattan,10075
1516,5 Ave & E 78 St,Manhattan,10075
1017,E 77 St & 3 Ave,Manhattan,10075
1088,E 81 St & York Ave,Manhattan,10075
1001,W 55 St & 6 Ave,Manhattan,10105
197,Central Park S & 6 Ave,Manhattan,10106
1510,Central Park S & 6 Ave,Manhattan,10106
1414,W 47 St & 6 Ave,Manhattan,10111
812,W 51 St & 6 Ave,Manhattan,10111
373,W 51 St & Rockefeller Plaza,Manhattan,10111
1131,Amsterdam Ave & W 119 St,Manhattan,10115
396,Broadway & Moylan Pl,Manhattan,10115
930,8 Ave & W 31 St,Manhattan,10119
1488,W 33 St & 7 Ave,Manhattan,10119
808,1 Ave & E 94 St,Manhattan,10128
781,2 Ave & E 96 St,Manhattan,10128
634,5 Ave & E 87 St,Manhattan,10128
257,E 88 St & 1 Ave,Manhattan,10128
835,E 88 St & Park Ave,Manhattan,10128
53,E 89 St & 3 Ave,Manhattan,10128
1056,E 89 St & York Ave,Manhattan,10128
755,E 91 St & 2 Ave,Manhattan,10128
1501,E 91 St & Park Ave,Manhattan,10128
921,E 92 St & Park Ave,Manhattan,10128
819,E 93 St & 2 Ave,Manhattan,10128
243,E 95 St & 3 Ave,Manhattan,10128
1055,5 Ave & E 93 St,Manhattan,10129
1305,E 97 St & Madison Ave,Manhattan,10129
420,E 98 St & Park Ave,Manhattan,10129
226,Grand Army Plaza & Central Park S,Manhattan,10153
903,E 60 St & York Ave,Manhattan,10155
470,Hudson Blvd E & W 36 St,Manhattan,10199
1029,W 15 St & 10 Ave,Manhattan,10199
357,W 30 St & 10 Ave,Manhattan,10199
1467,"W 34 St &	Hudson Blvd E",Manhattan,10199
705,W 34 St & 11 Ave,Manhattan,10199
704,W 34 St &\tHudson Blvd E,Manhattan,10199
105,Broadway & Battery Pl,Manhattan,10275
22,Centre St & Worth St,Manhattan,10278
353,Fulton St & William St,Manhattan,10279
460,Park Pl & Church St,Manhattan,10279
887,Little West St & 1 Pl,Manhattan,10280
106,West Thames St,Manhattan,10280
363,West St & Liberty St,Manhattan,10281
352,Murray St & West St,Manhattan,10282
1080,Pier 40 - Hudson River Park,Manhattan,10282
188,West St & Chambers St,Manhattan,10282
624,Vesey Pl & River Terrace,Manhattan,10285
1460,Brook Ave & E 157 St,The Bronx,10451
638,Concourse Village East & E 158 St,The Bronx,10451
1365,Concourse Village West & E 156 St,The Bronx,10451
626,Courtlandt Ave & E 157 St,The Bronx,10451
568,E 158 St & Melrose Ave,The Bronx,10451
586,E 161 St & Park Ave,The Bronx,10451
758,Melrose Ave & E 150 St,The Bronx,10451
590,Morris Ave & E 153 St,The Bronx,10451
1168,Park Ave & E 162 St,The Bronx,10451
1176,Courtlandt Ave & E 149 St,The Bronx,10451
413,E 138 St & Canal St W,The Bronx,10451
769,E 150 St & Gerard Ave,The Bronx,10451
1075,E 153 St & E 157 St,The Bronx,10451
935,E 157 St & River Ave,The Bronx,10451
444,E 161 St & River Ave,The Bronx,10451
1307,Gerard Ave & E 146 St,The Bronx,10451
1375,Grand Concourse & E 144 St,The Bronx,10451
1270,Grand Concourse & E 161 St,The Bronx,10451
435,Morris Ave & E 142 St,The Bronx,10451
1472,River Ave & E 153 St,The Bronx,10451
723,Walton Ave & E 153 St,The Bronx,10451
1673,Grand Concourse & E 156 St,The Bronx,10451
923,Anderson Ave & W 164 St,The Bronx,10452
585,E 174 St & Walton Ave,The Bronx,10452
709,Gerard Ave & E 164 St,The Bronx,10452
1450,Gerard Ave & E 165 St,The Bronx,10452
1243,Gerard Ave & McClellan St,The Bronx,10452
1370,Goble Pl & Macombs Rd,The Bronx,10452
1075,Grand Concourse & E 164 St,The Bronx,10452
603,Inwood Ave & W 170 St,The Bronx,10452
1297,Jerome Ave & Ogden Ave,The Bronx,10452
962,Nelson Ave & 167 St,The Bronx,10452
1262,Nelson Ave & W 172 St,The Bronx,10452
1406,Ogden Ave & Merriam Ave,The Bronx,10452
999,Ogden Ave & W 165 St,The Bronx,10452
171,Plaza Dr & W 170 St,The Bronx,10452
602,River Ave & McClellan St,The Bronx,10452
1360,Shakespeare Ave & W 169 St,The Bronx,10452
351,University Ave & W 168 St,The Bronx,10452
960,W 170 St & University Ave,The Bronx,10452
909,Walton Ave & E 168 St,The Bronx,10452
738,Walton Ave & E 171 St,The Bronx,10452
1378,Jerome Ave & Anderson Ave,The Bronx,10452
1482,Jerome Ave & E 164 St,The Bronx,10452
253,River Ave & E 151 St,The Bronx,10452
1674,Ogden Ave & W 164 St,The Bronx,10452
565,Andrews Ave S & W 179 St,The Bronx,10453
561,Buchanan Pl & Grand Ave,The Bronx,10453
1373,Creston Ave & E 178 St,The Bronx,10453
826,Creston Ave & E 181 St,The Bronx,10453
735,Davidson Ave & W Burnside Ave,The Bronx,10453
1368,E Tremont Ave & Jerome Ave,The Bronx,10453
609,Featherbed Ln & Jerome Ave,The Bronx,10453
187,Featherbed Ln & Nelson Ave,The Bronx,10453
1468,Grand Ave & W 181 St,The Bronx,10453
688,Jerome Ave & E 181 St,The Bronx,10453
298,Jerome Ave & W 177 St,The Bronx,10453
1421,Macombs Rd & W 175 St,The Bronx,10453
193,Morris Ave & E Burnside Ave,The Bronx,10453
1420,Popham Ave & W 174 St,The Bronx,10453
1476,Sedgwick Ave & Hall of Fame Tce,The Bronx,10453
1277,Sedgwick Ave & W Tremont Ave,The Bronx,10453
1479,Townsend Ave & E 175 St,The Bronx,10453
1063,University Ave & Macombs Rd,The Bronx,10453
748,University Ave & W Burnside Ave,The Bronx,10453
1333,W 176 St & Montgomery Ave,The Bronx,10453
1411,W Burnside Ave & University Ave,The Bronx,10453
259,W Tremont Ave & Grand Ave,The Bronx,10453
1156,W Tremont Ave & Matthewson Rd,The Bronx,10453
316,W Tremont Ave & Montgomery Ave,The Bronx,10453
1337,Grand Concourse & East Mount Eden Ave,The Bronx,10453
1528,Macombs Rd & Featherbed Ln,The Bronx,10453
1506,Sedgwick Ave & W Burnside Ave,The Bronx,10453
1425,University Ave & Brandt Pl,The Bronx,10453
888,Bronx Shore Comfort Station,The Bronx,10454
436,Brook Ave & E 138 St,The Bronx,10454
715,E 141 St & Jackson Ave,The Bronx,10454
1390,Icahn Stadium,The Bronx,10454
1180,Southern Blvd & E 142 St,The Bronx,10454
1263,St Mary's St & Jackson Ave,The Bronx,10454
234,Alexander Ave & E 134 St,The Bronx,10454
1411,Brook Ave & E 141 St,The Bronx,10454
1478,E 133 St & Cypress Pl,The Bronx,10454
1067,E 135 St & St Ann's Ave,The Bronx,10454
1336,E 138 St & Grand Concourse,The Bronx,10454
1524,E 138 St & Willow Ave,The Bronx,10454
783,E 141 St & St Ann's Ave,The Bronx,10454
652,E 142 St & 3 Ave,The Bronx,10454
1053,E 144 St & Brook Ave,The Bronx,10454
1300,Lincoln Ave & E 134 St,The Bronx,10454
1523,St. Ann's Av & Bruckner Blvd,The Bronx,10454
872,St. Ann's Ave & E 144 St,The Bronx,10454
1490,Walnut Ave & E 136 St,The Bronx,10454
114,Willis Ave & Bruckner Blvd,The Bronx,10454
309,Willis Ave & E 137 St,The Bronx,10454
308,Willis Ave & E 141 St,The Bronx,10454
1332,Willis Ave & E 143 St,The Bronx,10454
567,Willow Ave & E 133 St,The Bronx,10454
1671,E 138 St & Cypress Ave,The Bronx,10454
1672,E 134 St & Walnut Ave,The Bronx,10454
538,Bergen Ave & E 152 St,The Bronx,10455
1336,Brook Ave & E 148 St,The Bronx,10455
1257,E 149 St & Eagle Ave,The Bronx,10455
1246,E 149 St & Jackson Ave,The Bronx,10455
1289,E 155 St & Courtlandt Ave,The Bronx,10455
1214,E 156 & Brook Ave,The Bronx,10455
1293,E 156 St & Courtlandt Ave,The Bronx,10455
458,Melrose Ave & E 154 St,The Bronx,10455
911,Prospect Ave & E 151 St,The Bronx,10455
1330,Prospect Ave & Longwood Ave,The Bronx,10455
482,Southern Blvd & Avenue St. John,The Bronx,10455
865,St Ann's Ave & Westchester Ave,The Bronx,10455
507,Wales Ave & E 147 St,The Bronx,10455
102,E 147 St & Bergen Ave,The Bronx,10455
550,E 149 St & Morris Ave,The Bronx,10455
456,E 149 St & Park Ave,The Bronx,10455
1329,Washington Ave & E 163 St,The Bronx,10455
1505,Westchester Ave & E 156 St,The Bronx,10455
746,Westchester Ave & Jackson Ave,The Bronx,10455
93,3 Ave & E 163 St,The Bronx,10456
360,3 Ave & E 169 St,The Bronx,10456
1327,3 Ave & E 170 St,The Bronx,10456
378,3 Ave & Franklin Ave,The Bronx,10456
348,Boston Rd & E 167 St,The Bronx,10456
798,Boston Rd & Prospect Ave,The Bronx,10456
1478,Cauldwell Ave & E 158 St,The Bronx,10456
1229,Cauldwell Ave & E 161 St,The Bronx,10456
288,College Ave & E 170 St,The Bronx,10456
1050,E 160 St & Tinton Ave,The Bronx,10456
344,E 165 St & Clay Ave,The Bronx,10456
766,E 167 St & Clay Ave,The Bronx,10456
767,E 167 St & Franklin Ave,The Bronx,10456
303,E 170 St & Clay Ave,The Bronx,10456
1196,E 170 St & Webster Ave,The Bronx,10456
128,E 171 St & 3 Ave,The Bronx,10456
1440,Franklin Ave & E 169 St,The Bronx,10456
1345,Fulton Ave & E 168 St,The Bronx,10456
649,Fulton Ave & St. Paul's Pl,The Bronx,10456
1053,Grand Concourse & E 166 St,The Bronx,10456
1186,Grand Concourse & E 167 St,The Bronx,10456
1415,Grand Concourse & E 171 St,The Bronx,10456
1441,Grant Ave & E 169 St,The Bronx,10456
1347,Morris Ave & E 163 St,The Bronx,10456
729,Morris Ave & McClellan St,The Bronx,10456
588,Sheridan Ave & E 168 St,The Bronx,10456
1068,Sherman Ave & E 166 St,The Bronx,10456
718,Tinton Ave & E 165 St,The Bronx,10456
1296,Washington Ave & E 167 St,The Bronx,10456
1221,E 165 St & Jerome Ave,The Bronx,10456
86,E 169 St & Webster Ave,The Bronx,10456
1331,E 170 St & Sheridan Ave,The Bronx,10456
1469,Webster Ave & E 166 St,The Bronx,10456
1409,3 Ave & E 172 St,The Bronx,10457
769,3 Ave & E 174 St - Bathgate Vaccination Site,The Bronx,10457
302,Anthony Ave & E 175 St,The Bronx,10457
1429,Anthony Ave & E Tremont Ave,The Bronx,10457
873,Clay Ave & E 173 St,The Bronx,10457
1280,Crotona Park North & Prospect Ave,The Bronx,10457
1445,E 171 St & Webster Ave,The Bronx,10457
605,E Burnside Ave & Ryer Ave,The Bronx,10457
428,E Tremont Ave & E 176 St,The Bronx,10457
1489,Folin St & E 181 St,The Bronx,10457
789,Fulton Ave & E 172 St,The Bronx,10457
559,Morris Ave & E 171 St,The Bronx,10457
1438,Mount Eden Pkwy & Eastburn Ave,The Bronx,10457
1463,Ryer Ave & E 182 St,The Bronx,10457
473,Sheridan Ave & E 172 St,The Bronx,10457
1332,Valentine Ave & E 181 St,The Bronx,10457
600,Washington Ave & E 174 St,The Bronx,10457
736,Webster Ave & Ford St,The Bronx,10457
770,Weeks Ave & E 175 St,The Bronx,10457
1210,Clay Ave & Claremont Pkwy,The Bronx,10457
1666,Grand Concourse & E 175 St,The Bronx,10457
1396,Bainbridge Ave & Bedford Park Blvd,The Bronx,10458
1366,Bainbridge Ave & E 193 St,The Bronx,10458
1367,Bainbridge Ave & E 196 St,The Bronx,10458
1380,Bainbridge Ave & E 198 St,The Bronx,10458
1351,Botanical Sq & Webster Ave,The Bronx,10458
1102,Decatur Ave & Bedford Park Blvd,The Bronx,10458
279,Decatur Ave & E 197 St,The Bronx,10458
737,Decatur Ave & Oliver Pl,The Bronx,10458
1339,E 201 St & Briggs Ave,The Bronx,10458
1426,E Fordham Rd & Webster Ave,The Bronx,10458
1356,E Mosholu Pkwy & E 204 St,The Bronx,10458
1151,E Mosholu Pkwy & Van Cortlandt Ave E,The Bronx,10458
1089,Grand Concourse & E 192 St,The Bronx,10458
1344,Grand Concourse & E 196 St,The Bronx,10458
1357,Grand Concourse & E 197 St,The Bronx,10458
1178,Grand Concourse & E 199 St,The Bronx,10458
444,Grand Concourse & E 203 St,The Bronx,10458
122,Marion Ave & Mosholu Pkwy,The Bronx,10458
1401,Southern Blvd & E 149 St,The Bronx,10458
1462,Tiebout Ave & E 184 St,The Bronx,10458
632,Tiebout Ave & E Fordham Road,The Bronx,10458
1413,Valentine Ave & E 183 St,The Bronx,10458
1675,Grand Concourse & E Mosholu Pkwy S,The Bronx,10458
1335,Beck St & Leggett Ave,The Bronx,10459
1363,Bruckner Blvd & Bryant Ave,The Bronx,10459
1470,Dawson St & Intervale Ave,The Bronx,10459
1251,E 163 St & Tiffany St,The Bronx,10459
1378,E 163 St & Union Ave,The Bronx,10459
1318,E 165 St & Fox St,The Bronx,10459
1213,E 167 St & Bryant Ave,The Bronx,10459
1475,E 169 St & Fox St,The Bronx,10459
570,Freeman St & Reverend James A Polite Ave,The Bronx,10459
1393,Freeman St & Southern Blvd,The Bronx,10459
631,Home St & Westchester Ave,The Bronx,10459
1474,Intervale Ave & Kelly St,The Bronx,10459
1026,Intervale Ave & Westchester Ave,The Bronx,10459
1275,Longfellow Ave & E 165 St,The Bronx,10459
837,Longwood Ave & Southern Blvd,The Bronx,10459
896,Louis Nine Blvd & Intervale Ave,The Bronx,10459
1247,Prospect Ave & E 167 St,The Bronx,10459
1189,Southern Blvd & Tiffany St,The Bronx,10459
731,Union Ave & E 169 St,The Bronx,10459
461,West Farms Rd & Boone Ave,The Bronx,10459
954,Westchester Ave & Longwood Ave,The Bronx,10459
1071,Rogers Pl & E 165 St,The Bronx,10459
644,Boone Ave & E 172 St,The Bronx,10460
346,Charlotte St & Boston Rd,The Bronx,10460
1444,Crotona Park East & E 173 St,The Bronx,10460
974,E 174 St & Longfellow Ave,The Bronx,10460
1431,Hoe Ave & Jennings St,The Bronx,10460
1157,Prospect Ave & Jennings St,The Bronx,10460
1461,Southern Blvd & E 172 St,The Bronx,10460
860,Southern Blvd & E 174 St,The Bronx,10460
824,Southern Blvd & E 175 St,The Bronx,10460
1466,Wilkins Ave & Crotona Park E,The Bronx,10460
1428,Waterloo Pl & Crotona Park East,The Bronx,10460
1477,Bailey Ave & Sedgwick Ave,The Bronx,10463
1382,Bailey Ave & W 193 St,The Bronx,10463
1474,W Mosholu Pkwy S & Sedgwick Ave,The Bronx,10463
133,Jerome Ave & E Mosholu Parkway S,The Bronx,10467
1456,Aqueduct Ave & North St,The Bronx,10468
1381,Bedford Park Blvd & Paul Ave,The Bronx,10468
1271,Cedar Ave & W Fordham Rd,The Bronx,10468
604,E 188 St & Creston Ave,The Bronx,10468
483,Goulden Ave & Bedford Park Blvd W,The Bronx,10468
1028,Goulden Ave & W 197 St,The Bronx,10468
1439,Goulden Ave & W 205 St,The Bronx,10468
385,Grand Ave & W Fordham Rd,The Bronx,10468
699,Grand Concourse & E 205 St,The Bronx,10468
1359,Jerome Ave & Bedford Park Blvd E,The Bronx,10468
1469,Jerome Ave & E 198 St,The Bronx,10468
1405,Jerome Ave & W 184 St,The Bronx,10468
569,Jerome Ave & W 193 St,The Bronx,10468
587,Jerome Ave & W 195 St,The Bronx,10468
967,Jerome Ave & W Fordham Rd,The Bronx,10468
696,Loring Pl North & W 183 St,The Bronx,10468
1408,Morris Ave & E 184 St,The Bronx,10468
1259,Paul Ave & Mosholu Pkwy,The Bronx,10468
283,Paul Ave & W 205 St,The Bronx,10468
1240,W 192 St & University Ave,The Bronx,10468
1353,W 225 St & Exterior St,The Bronx,10468
468,W Fordham Rd & Loring Pl N,The Bronx,10468
672,Walton Ave & E 183 St,The Bronx,10468
544,Webb Ave & W 190 St,The Bronx,10468
1492,Andrew Ave N & Hall of Fame Tce,The Bronx,10468
301,Aqueduct Ave & W 190 St,The Bronx,10468
1248,Westchester Ave & Southern Blvd,The Bronx,10472
1059,Faile St & Garrison Ave,The Bronx,10474
1442,Garrison Ave & Manida St,The Bronx,10474
1437,Hunts Point Ave & Bryant Ave,The Bronx,10474
1433,Lafayette Ave & Hunts Point Ave,The Bronx,10474
759,Seneca Ave & Irvine St,The Bronx,10474
1373,Barry St & Tiffany St,The Bronx,10474
1095,11 St & 43 Ave,Queens,11101
1417,21 St & 38 Ave,Queens,11101
941,21 St & 43 Ave,Queens,11101
1149,21 St & Queens Plaza North,Queens,11101
465,24 St & 38 Ave,Queens,11101
1042,24 St & 41 Ave,Queens,11101
1126,27 St & Hunter St,Queens,11101
836,28 Ave & 35 St,Queens,11101
132,28 St & 41 Ave,Queens,11101
251,31 St & 21 Ave,Queens,11101
438,31 St & Astoria Blvd,Queens,11101
760,31 St & Ditmars Blvd,Queens,11101
1340,31 St & Hoyt Ave N,Queens,11101
938,31 St & Newtown Ave,Queens,11101
500,31 St & Northern Blvd,Queens,11101
52,31 St & Thomson Ave,Queens,11101
764,34 Ave & 13 St,Queens,11101
1145,34 Ave & 21 St,Queens,11101
1234,34 Ave & 31 St,Queens,11101
1108,34 Ave & 38 St,Queens,11101
1199,34 Ave & 45 St,Queens,11101
41,34 Ave & 48 St,Queens,11101
437,34th Ave & Vernon Blvd,Queens,11101
273,35 Ave & 10 St,Queens,11101
1164,35 Ave & 37 St,Queens,11101
1217,35 St & 23 Ave,Queens,11101
892,36 Ave & 10 St,Queens,11101
1328,37 Ave & 35 St,Queens,11101
1225,37 St & 24 Ave,Queens,11101
662,38 Ave & 29 St,Queens,11101
939,38 St & 30 Ave,Queens,11101
503,38 St & Northern Blvd,Queens,11101
1338,40 Ave & 9 St,Queens,11101
765,40 Ave & Crescent St,Queens,11101
492,42 Pl & Northern Blvd,Queens,11101
1341,43 St & 35 Ave,Queens,11101
1031,43 St & 37 Ave,Queens,11101
1422,43 St & Broadway,Queens,11101
1496,44 Dr & 21 St,Queens,11101
497,44 Dr & Jackson Ave,Queens,11101
275,45 Ave & 21 St,Queens,11101
1282,45 Rd & 11 St,Queens,11101
630,46 Ave & 5 St,Queens,11101
501,46 St & 28 Ave,Queens,11101
1299,47 Ave & 31 St,Queens,11101
742,47 Ave & Skillman Ave,Queens,11101
384,48 Ave & 31 St,Queens,11101
1132,48 St & 37 Ave,Queens,11101
950,49 Ave & 21 St,Queens,11101
802,Jackson Ave & 46 Rd,Queens,11101
332,Queens Plaza North & Crescent St,Queens,11101
1253,Steinway St & 21 Ave,Queens,11101
920,Steinway St & Ditmars Blvd,Queens,11101
1270,Vernon Blvd & 41 Rd,Queens,11101
886,Vernon Blvd & 47 Rd,Queens,11101
1285,18 St & 27 Ave,Queens,11102
918,21 Ave & Crescent St,Queens,11102
831,24 Ave & 29 St,Queens,11102
446,27 Ave & 3 St,Queens,11102
1252,27 Ave & 9 St,Queens,11102
1004,30 Ave & 21 St,Queens,11102
1254,8 St & Astoria Blvd,Queens,11102
435,Crescent St & 30 Ave,Queens,11102
229,Crescent St & Ditmars Blvd,Queens,11102
137,Shore Blvd & Astoria Park,Queens,11102
832,25 Ave & 41 St,Queens,11103
295,28 Ave & 44 St,Queens,11103
263,30 Ave & 41 St,Queens,11103
1452,30 Ave & 47 St,Queens,11103
404,31 Ave & Steinway St,Queens,11103
191,35 St & 30 Ave,Queens,11103
1239,46 St & 25 Ave,Queens,11103
300,46 St & 30 Rd,Queens,11103
1377,48 St & Broadway,Queens,11103
728,49 St & 25 Ave,Queens,11103
1423,Newton Rd & 44 St,Queens,11103
727,Steinway St & 28 Ave,Queens,11103
1044,Steinway St & Broadway,Queens,11103
1267,19 St & 24 Ave,Queens,11105
1376,20 Ave & 21 St,Queens,11105
1130,20 Ave & 31 St,Queens,11105
130,20 Ave & 33 St,Queens,11105
762,20 Ave & 38 St,Queens,11105
900,20 Ave & 42 St,Queens,11105
254,20 Ave & 48 St,Queens,11105
934,20 Ave & Shore Blvd,Queens,11105
244,21 Ave & Shore Blvd,Queens,11105
933,23 Ave & 27 St,Queens,11105
1492,23 Rd & 29 St,Queens,11105
1310,23 Rd & 31 St,Queens,11105
636,24 Ave & 26 St,Queens,11105
1101,31 St & 23 Ave,Queens,11105
1120,35 St & 21 Ave,Queens,11105
485,36 St & Ditmars Blvd,Queens,11105
929,43 St & 23 Ave,Queens,11105
757,Astoria Park S & Shore Blvd,Queens,11105
547,Ditmars Blvd & 19 St,Queens,11105
1158,Steinway St & 19 Ave,Queens,11105
493,Steinway St & 23 Ave,Queens,11105
1103,21 St & 21 Ave,Queens,11106
11,21 St & 23 Ave,Queens,11106
205,21 St & 31 Dr,Queens,11106
554,21 St & 36 Ave,Queens,11106
548,21 St & Hoyt Ave S,Queens,11106
258,28 St & 36 Ave,Queens,11106
550,31 Ave & 14 St,Queens,11106
127,31 Rd & 21 St,Queens,11106
443,31 St & Broadway,Queens,11106
1392,34 St & 35 Ave,Queens,11106
872,34 St & 38 Ave,Queens,11106
1322,35 St & 34 Ave,Queens,11106
1163,35 St & Broadway,Queens,11106
494,36 Ave & 31 St,Queens,11106
459,Crescent St & 34 Ave,Queens,11106
276,Crescent St & 35 Ave,Queens,11106
2,Crescent St & Broadway,Queens,11106
1142,Newtown Ave & 23 St,Queens,11106
379,Vernon Blvd & 10 St,Queens,11106
1482,Vernon Blvd & 30 Rd,Queens,11106
499,Vernon Blvd & 31 Ave,Queens,11106
213,48 Ave & 5 St,Queens,11109
629,5 St & 51 Ave,Queens,11109
621,9 St & 44 Rd,Queens,11109
593,Center Blvd & 48 Ave,Queens,11109
567,Center Blvd & 51 Ave,Queens,11109
943,McGuinness Blvd & Eagle St,Brooklyn,11109
312,Southpoint Park,Manhattan,11109
1506,Southpoint Park,Manhattan,11109
336,Vernon Blvd & 50 Ave,Queens,11109
207,Adams St & Prospect St,Brooklyn,11201
870,Ashland Pl & Dekalb Ave,Brooklyn,11201
1386,"Boerum Pl	& Pacific St",Brooklyn,11201
125,Boerum Pl\t& Pacific St,Brooklyn,11201
560,Bridge St & Water St,Brooklyn,11201
246,Bridge St & York St,Brooklyn,11201
309,Brooklyn Bridge Park - Pier 2,Brooklyn,11201
645,Cadman Plaza E & Red Cross Pl,Brooklyn,11201
323,Cadman Plaza E & Tillary St,Brooklyn,11201
1519,Cadman Plaza E & Tillary St,Brooklyn,11201
1069,Clark St & Henry St,Brooklyn,11201
354,Columbia Heights & Cranberry St,Brooklyn,11201
1514,Columbia Heights & Cranberry St,Brooklyn,11201
498,Concord St & Bridge St,Brooklyn,11201
21,Congress St & Clinton St,Brooklyn,11201
1354,Congress St & Hicks St,Brooklyn,11201
381,Duffield St & Willoughby St,Brooklyn,11201
68,Front St & Gold St,Brooklyn,11201
102,Front St & Jay St,Brooklyn,11201
687,Front St & Washington St,Brooklyn,11201
313,Henry St & Middagh St,Brooklyn,11201
1302,Henry St & Remsen St,Brooklyn,11201
924,Hicks St & Montague St,Brooklyn,11201
786,Jay St & Tech Pl,Brooklyn,11201
85,Jay St & York St,Brooklyn,11201
176,Johnson St & Gold St,Brooklyn,11201
139,Lawrence St & Willoughby St,Brooklyn,11201
240,Montague St & Clinton St,Brooklyn,11201
880,Myrtle Ave & Fleet Pl,Brooklyn,11201
1473,"Nassau St	& Duffield St",Brooklyn,11201
410,Nassau St\t& Duffield St,Brooklyn,11201
1174,Old Fulton St,Brooklyn,11201
136,Pierrepont St & Monroe Pl,Brooklyn,11201
141,Sands St & Jay St,Brooklyn,11201
265,State St & Smith St,Brooklyn,11201
1183,Warren St & Court St,Brooklyn,11201
1085,Water St & Main St,Brooklyn,11201
1033,Willoughby St & Ashland Pl,Brooklyn,11201
675,Willoughby St & Fleet St,Brooklyn,11201
883,Carlton Ave & Park Ave,Brooklyn,11205
739,Clinton Ave & Myrtle Ave,Brooklyn,11205
1025,DeKalb Ave & Franklin Ave,Brooklyn,11205
807,Emerson Pl & Myrtle Ave,Brooklyn,11205
692,Flushing Ave & Vanderbilt Ave,Brooklyn,11205
783,Lafayette Ave & St James Pl,Brooklyn,11205
537,Washington Park,Brooklyn,11205
175,Willoughby Ave & Hall St,Brooklyn,11205
194,Willoughby Ave & Walworth St,Brooklyn,11205
331,Beaver St & Fayette St,Brooklyn,11206
488,Boerum St & Broadway,Brooklyn,11206
1188,Bushwick Ave & Forrest St,Brooklyn,11206
327,Bushwick Ave & McKibbin St,Brooklyn,11206
916,Central Ave & Flushing Ave,Brooklyn,11206
1391,Central Ave & Melrose St,Brooklyn,11206
1216,Evergreen Ave & Noll St,Brooklyn,11206
456,Graham Ave & Grand St,Brooklyn,11206
423,McKibbin St & Bogart St,Brooklyn,11206
1258,McKibbin St & Manhattan Ave,Brooklyn,11206
1034,Melrose St & Broadway,Brooklyn,11206
848,Montrose Ave & Bushwick Ave,Brooklyn,11206
1524,Morgan Tech Shop parts testing,Brooklyn,11206
464,Park Ave & Marcus Garvey Blvd,Brooklyn,11206
1361,Scholes St & Manhattan Ave,Brooklyn,11206
595,Stagg St & Morgan Ave,Brooklyn,11206
3,Stagg St & Union Ave,Brooklyn,11206
495,Throop Ave & Myrtle Ave,Brooklyn,11206
768,White St & Johnson Ave,Brooklyn,11206
1236,White St & Moore St,Brooklyn,11206
439,Broadway & Berry St,Brooklyn,11207
583,Broadway & Furman Ave,Brooklyn,11207
992,Broadway & Madison St,Brooklyn,11207
1123,Broadway & Roebling St,Brooklyn,11207
94,Broadway & Whipple St,Brooklyn,11207
1430,Bushwick Ave & Furman Ave,Brooklyn,11207
532,Bushwick Ave & Powers St,Brooklyn,11207
1287,Central Ave & Covert St,Brooklyn,11207
1049,Central Ave & Decatur St,Brooklyn,11207
856,Eldert St & Bushwick Ave,Brooklyn,11207
29,Fulton St & Clermont Ave,Brooklyn,11207
91,Fulton St & Irving Pl,Brooklyn,11207
412,Fulton St & Utica Ave,Brooklyn,11207
1315,Halsey St & Evergreen Ave,Brooklyn,11207
1303,Knickerbocker Ave & Cooper St,Brooklyn,11207
549,Moffat St & Bushwick,Brooklyn,11207
1418,Van Sinderen Ave & Truxton St,Brooklyn,11207
206,Wilson Ave & Moffat St,Brooklyn,11207
776,Atlantic Ave & Fort Greene Pl,Brooklyn,11208
1264,4 Ave & 3 St,Brooklyn,11209
1329,4 Ave & Shore Road Dr,Brooklyn,11209
69,5 Ave & 3 St,Brooklyn,11209
1389,Bushwick Ave & Stagg St,Brooklyn,11211
670,Devoe St & Lorimer St,Brooklyn,11211
591,Devoe St & Morgan Ave,Brooklyn,11211
937,Division Ave & Hooper St,Brooklyn,11211
861,Driggs Ave & Lorimer St,Brooklyn,11211
669,Driggs Ave & N 9 St,Brooklyn,11211
851,Driggs Ave & N Henry St,Brooklyn,11211
599,Frost St & Debevoise Ave,Brooklyn,11211
1203,Graham Ave & Conselyea St,Brooklyn,11211
871,Graham Ave & Herbert St,Brooklyn,11211
67,Graham Ave & Withers St,Brooklyn,11211
14,Grand St & Havemeyer St,Brooklyn,11211
563,Hope St & Union Ave,Brooklyn,11211
525,Humboldt St & Varet St,Brooklyn,11211
1153,Jackson St & Leonard St,Brooklyn,11211
535,Kent Ave & Division Ave,Brooklyn,11211
224,Metropolitan Ave & Meeker Ave,Brooklyn,11211
912,Metropolitan Ave & Vandervoort Ave,Brooklyn,11211
89,N 12 St & Bedford Ave,Brooklyn,11211
75,Powers St & Olive St,Brooklyn,11211
90,S 3 St & Bedford Ave,Brooklyn,11211
1121,S 4 St & Rodney St,Brooklyn,11211
78,S 4 St & Wythe Ave,Brooklyn,11211
683,Sharon St & Olive St,Brooklyn,11211
339,Union Ave & Jackson St,Brooklyn,11211
452,Union Ave & N 12 St,Brooklyn,11211
1144,Union Ave & Wallabout St,Brooklyn,11211
1030,Waterbury St & Stagg St,Brooklyn,11211
1024,Withers St & Kingsland Ave,Brooklyn,11211
170,Wythe Ave & Metropolitan Ave,Brooklyn,11211
156,Bergen St & Flatbush Ave,Brooklyn,11213
225,Bergen St & Smith St,Brooklyn,11213
1419,Bergen St & Vanderbilt Ave,Brooklyn,11213
945,Eastern Pkwy & Franklin Ave,Brooklyn,11213
42,Warren St & Smith St,Brooklyn,11213
126,1 St & 6 Ave,Brooklyn,11215
589,10 St & 2 Ave,Brooklyn,11215
689,10 St & 5 Ave,Brooklyn,11215
393,10 St & 7 Ave,Brooklyn,11215
1407,12 St & 4 Ave,Brooklyn,11215
1015,14 St & 5 Ave,Brooklyn,11215
686,14 St & 7 Ave,Brooklyn,11215
1227,16th St & 4th Ave,Brooklyn,11215
876,17 St & 5 Ave,Brooklyn,11215
1057,19 St & 8 Ave,Brooklyn,11215
234,3 Ave & 14 St,Brooklyn,11215
1309,3 Ave & 17 St,Brooklyn,11215
112,3 Ave & Carroll St,Brooklyn,11215
845,3 St & 3 Ave,Brooklyn,11215
65,3 St & 7 Ave,Brooklyn,11215
218,3 St & Prospect Park West,Brooklyn,11215
389,4 Ave & 17 St,Brooklyn,11215
811,4 Ave & 9 St,Brooklyn,11215
1355,5 St & 6 Ave,Brooklyn,11215
875,6 Ave & 12 St,Brooklyn,11215
1281,6 Ave & 21 St,Brooklyn,11215
140,6 Ave & 9 St,Brooklyn,11215
512,6 St & 7 Ave,Brooklyn,11215
398,7 Ave & 20 St,Brooklyn,11215
1209,7 Ave & 22 St,Brooklyn,11215
314,7 St & 3 Ave,Brooklyn,11215
1090,7 St & 5 Ave,Brooklyn,11215
1173,Carroll St & 5 Ave,Brooklyn,11215
451,Carroll St & 6 Ave,Brooklyn,11215
1012,Garfield Pl & 8 Ave,Brooklyn,11215
815,President St & 4 Ave,Brooklyn,11215
1223,Prospect Park SW & 10 Ave,Brooklyn,11215
1412,Prospect Park West & 8 St,Brooklyn,11215
813,Union St & 4 Ave,Brooklyn,11215
592,Union St & Nevins St,Brooklyn,11215
117,West Drive & Prospect Park West,Brooklyn,11215
850,Windsor Pl & 8 Ave,Brooklyn,11215
1410,Windsor Pl & Howard Pl,Brooklyn,11215
1008,Albany Ave & Fulton St,Brooklyn,11216
454,Bedford Ave & Bergen St,Brooklyn,11216
1065,Greene Ave & Nostrand Ave,Brooklyn,11216
1192,Kosciuszko St & Nostrand Ave,Brooklyn,11216
979,Lefferts Pl & Franklin Ave,Brooklyn,11216
390,Marcus Garvey Blvd & Macon St,Brooklyn,11216
1334,Marcy Ave & Lafayette Ave,Brooklyn,11216
350,Monroe St & Tompkins Ave,Brooklyn,11216
751,Park Pl & Franklin Ave,Brooklyn,11216
324,Prospect Pl & Vanderbilt Ave,Brooklyn,11216
54,Putnam Ave & Nostrand Ave,Brooklyn,11216
635,Sterling Pl & Bedford Ave,Brooklyn,11216
534,Tompkins Ave & Hopkins St,Brooklyn,11216
1388,Verona Pl & Fulton St,Brooklyn,11216
115,7 Ave & Park Pl,Brooklyn,11217
1490,Baltic St & 5 Ave,Brooklyn,11217
990,Bergen St & 4 Ave,Brooklyn,11217
163,Berkeley Pl & 6 Ave,Brooklyn,11217
1013,Berkeley Pl & 7 Ave,Brooklyn,11217
566,Bond St & Bergen St,Brooklyn,11217
1104,Dean St & Hoyt St,Brooklyn,11217
1323,Degraw St & Hoyt St,Brooklyn,11217
522,Degraw St & Smith St,Brooklyn,11217
1434,Douglass St & 3 Ave,Brooklyn,11217
43,Douglass St & 4 Ave,Brooklyn,11217
199,Grand Army Plaza & Plaza St West,Brooklyn,11217
1260,Hanson Pl & Ashland Pl,Brooklyn,11217
530,Hoyt St & Warren St,Brooklyn,11217
285,Nevins St & Schermerhorn St,Brooklyn,11217
1155,Pacific St & Nevins St,Brooklyn,11217
581,Prospect Pl & 6 Ave,Brooklyn,11217
526,S Portland Ave & Hanson Pl,Brooklyn,11217
1176,Schermerhorn St & Bond St,Brooklyn,11217
678,Schermerhorn St & Court St,Brooklyn,11217
158,St Marks Pl & 4 Ave,Brooklyn,11217
546,Sterling Pl & 5 Ave,Brooklyn,11217
63,Wyckoff St & Nevins St,Brooklyn,11217
614,11 Ave & Prospect Ave,Brooklyn,11218
297,12 Ave & 36 St,Brooklyn,11218
47,Albemarle Rd & McDonald Ave,Brooklyn,11218
1047,Caton Ave & E 10 St,Brooklyn,11218
973,Caton Ave & E 7 St,Brooklyn,11218
1160,Chester Ave & 12 Ave,Brooklyn,11218
1395,Church Ave & McDonald Ave,Brooklyn,11218
88,Church Ave & Story St,Brooklyn,11218
697,Dahill Rd & 12 Ave,Brooklyn,11218
455,E 3 St & Church Ave,Brooklyn,11218
816,E 8 St & Caton Ave,Brooklyn,11218
1154,Ft. Hamilton Pkwy & E 2 St,Brooklyn,11218
795,Ft. Hamilton Pkwy & E 5 St,Brooklyn,11218
996,Greenwood Ave & E 4 St,Brooklyn,11218
1325,Ocean Pkwy & Church Ave,Brooklyn,11218
725,Park Cir & East Dr,Brooklyn,11218
1320,Prospect Ave & Greenwood Ave,Brooklyn,11218
262,Prospect Ave & Vanderbilt St,Brooklyn,11218
516,Prospect Park SW & 16 St,Brooklyn,11218
1046,Prospect Park SW & Greenwood Ave,Brooklyn,11218
383,Prospect Park SW & Vanderbilt St,Brooklyn,11218
1211,Prospect Park W & 20 St,Brooklyn,11218
732,3 Ave & Wakeman Pl,Brooklyn,11220
1458,44 St & 3 Ave,Brooklyn,11220
266,44 St & 6 Ave,Brooklyn,11220
256,45 St & 4 Ave,Brooklyn,11220
1118,46 St & 6 Ave,Brooklyn,11220
282,46 St & 7 Ave,Brooklyn,11220
663,47 St & 3 Ave,Brooklyn,11220
1358,48 St & 2 Ave,Brooklyn,11220
902,48 St & 5 Ave,Brooklyn,11220
572,5 Ave & 66 St,Brooklyn,11220
1326,50 St & 7 Ave,Brooklyn,11220
1037,52 St & 6 Ave,Brooklyn,11220
899,53 St & 2 Ave,Brooklyn,11220
144,53 St & 4 Ave,Brooklyn,11220
677,53 St & 5 Ave,Brooklyn,11220
723,55 St & 5 Ave,Brooklyn,11220
1238,55 St & 7 Ave,Brooklyn,11220
463,57 St & 1 Ave - Brooklyn Army Terminal Vaccination Site,Brooklyn,11220
1256,57 St & 4 Ave,Brooklyn,11220
1283,58 St & 2 Ave - Brooklyn Army Terminal Vaccination Site,Brooklyn,11220
299,59 St & 4 Ave,Brooklyn,11220
573,59 St & 5 Ave,Brooklyn,11220
281,6 Ave & 55 St,Brooklyn,11220
615,6 Ave & 60 St,Brooklyn,11220
1455,62 St & 4 Ave,Brooklyn,11220
1480,63 St & 5 Ave,Brooklyn,11220
607,64 St & 3 Ave,Brooklyn,11220
1448,65 St & 2 Ave,Brooklyn,11220
1208,67 St & Erik Pl,Brooklyn,11220
533,67 St & Ridge Blvd,Brooklyn,11220
980,Broadway & Hancock St,Brooklyn,11221
447,Broadway & Kosciuszko St,Brooklyn,11221
1094,Bushwick Ave & Dekalb Ave,Brooklyn,11221
676,Bushwick Ave & Harman St,Brooklyn,11221
1043,Bushwick Ave & Linden St,Brooklyn,11221
249,Cedar St & Evergreen Ave,Brooklyn,11221
484,Cedar St & Myrtle Ave,Brooklyn,11221
684,Central Ave & Himrod St,Brooklyn,11221
666,Central Ave & Weirfield St,Brooklyn,11221
1100,Central Ave & Woodbine St,Brooklyn,11221
722,DeKalb Ave & Hudson Ave,Brooklyn,11221
1084,DeKalb Ave & S Portland Ave,Brooklyn,11221
874,DeKalb Ave & Vanderbilt Ave,Brooklyn,11221
466,Greene Ave & Throop Ave,Brooklyn,11221
267,Grove St & Broadway,Brooklyn,11221
321,Jefferson Ave & Evergreen Ave,Brooklyn,11221
480,Knickerbocker Ave & Hancock St,Brooklyn,11221
694,Kosciuszko St & Tompkins Ave,Brooklyn,11221
509,Lafayette Ave & Classon Ave,Brooklyn,11221
1529,Lafayette Ave & Fort Greene Pl,Brooklyn,11221
223,Lafayette Ave & Ft Greene Pl,Brooklyn,11221
401,Lewis Ave & Decatur St,Brooklyn,11221
1190,Lewis Ave & Kosciuszko St,Brooklyn,11221
847,Lewis Ave & Madison St,Brooklyn,11221
625,Lexington Ave & Classon Ave,Brooklyn,11221
1244,Lorimer St & Broadway,Brooklyn,11221
1165,Madison St & Evergreen Ave,Brooklyn,11221
730,Menahan St & Central Ave,Brooklyn,11221
1066,Monroe St & Bedford Ave,Brooklyn,11221
72,Monroe St & Classon Ave,Brooklyn,11221
203,Pulaski St & Marcus Garvey Blvd,Brooklyn,11221
633,Putnam Ave & Throop Ave,Brooklyn,11221
1040,Stockholm St & Wilson Ave,Brooklyn,11221
487,Suydam St & Broadway,Brooklyn,11221
479,Van Buren St & Broadway,Brooklyn,11221
597,Willoughby Ave & Myrtle Ave,Brooklyn,11221
400,Willoughby Ave & Tompkins Ave,Brooklyn,11221
940,Banker St & Meserole Ave,Brooklyn,11222
901,Bayard St & Leonard St,Brooklyn,11222
859,Calyer St & Guernsey St,Brooklyn,11222
1083,Calyer St & Jewel St,Brooklyn,11222
1191,Engert Ave & McGuinness Blvd,Brooklyn,11222
562,Franklin St & Dupont St,Brooklyn,11222
4,Frost St & Meeker Ave,Brooklyn,11222
1205,Green St & McGuinness Blvd,Brooklyn,11222
1324,Greenpoint Ave & Manhattan Ave,Brooklyn,11222
1105,Huron St & Franklin St,Brooklyn,11222
564,India St & Manhattan Ave,Brooklyn,11222
147,India St Pier,Brooklyn,11222
505,Kent St & McGuinness Blvd,Brooklyn,11222
190,Kingsland Ave & Nassau Ave,Brooklyn,11222
1201,Leonard St & Boerum St,Brooklyn,11222
693,Leonard St & Maujer St,Brooklyn,11222
1194,Leonard St & Nassau Ave,Brooklyn,11222
1498,Lorimer St & Calyer St,Brooklyn,11222
349,Manhattan Av & Leonard St,Brooklyn,11222
1086,Meserole Ave & Manhattan Ave,Brooklyn,11222
1070,Milton St & Franklin St,Brooklyn,11222
177,Morgan Ave & Lombardy St,Brooklyn,11222
1212,Morgan Ave & Maspeth Ave,Brooklyn,11222
245,N 15 St & Wythe Ave,Brooklyn,11222
867,Nassau Ave & Newell St,Brooklyn,11222
73,Nassau Ave & Russell St,Brooklyn,11222
427,Richardson St & N Henry St,Brooklyn,11222
1204,McDonald Ave & Vanderbilt St,Brooklyn,11223
1048,Bedford Ave & Montgomery St,Brooklyn,11225
1394,Carroll St & Franklin Ave,Brooklyn,11225
289,Carroll St & Washington Ave,Brooklyn,11225
1159,Flatbush Ave & Eastern Pkwy,Brooklyn,11225
450,Flatbush Ave & Ocean Ave,Brooklyn,11225
1224,Franklin Ave & Myrtle Ave,Brooklyn,11225
1311,Kingston Ave & Herkimer St,Brooklyn,11225
1398,Montgomery St & Franklin Ave,Brooklyn,11225
796,Rogers Ave & Sterling St,Brooklyn,11225
580,Sterling St & Bedford Ave,Brooklyn,11225
606,Sullivan Pl & Bedford Ave,Brooklyn,11225
1181,Sullivan Pl & Franklin Ave,Brooklyn,11225
1313,Union St & Bedford Ave,Brooklyn,11225
24,Caton Ave & Argyle Rd,Brooklyn,11226
57,Parade Pl & Crooke Ave,Brooklyn,11226
558,3 Ave & Schermerhorn St,Brooklyn,11227
421,1 Pl & Clinton St,Brooklyn,11231
818,3 St & Hoyt St,Brooklyn,11231
971,Atlantic Ave & Furman St,Brooklyn,11231
571,Bay St & Court St,Brooklyn,11231
165,Bond St & Fulton St,Brooklyn,11231
58,Butler St & Court St,Brooklyn,11231
647,Carroll St & Bond St,Brooklyn,11231
215,Carroll St & Columbia St,Brooklyn,11231
51,Carroll St & Smith St,Brooklyn,11231
1294,Clinton St & 4 Place,Brooklyn,11231
508,Clinton St & Centre St,Brooklyn,11231
1112,Clinton St & Joralemon St,Brooklyn,11231
895,Clinton St & Tillary St,Brooklyn,11231
472,Clinton St & Union St,Brooklyn,11231
799,Coffey St & Conover St,Brooklyn,11231
238,Coffey St & Ferris St,Brooklyn,11231
513,Columbia St & Degraw St,Brooklyn,11231
13,Columbia St & Kane St,Brooklyn,11231
1432,Columbia St & Lorraine St,Brooklyn,11231
216,Commerce St & Van Brunt St,Brooklyn,11231
879,Court St & Nelson St,Brooklyn,11231
681,Court St & State St,Brooklyn,11231
539,Dwight St & Van Dyke St,Brooklyn,11231
145,Fulton St & Adams St,Brooklyn,11231
174,Henry St & Atlantic Ave,Brooklyn,11231
1232,Henry St & Bay St,Brooklyn,11231
797,Henry St & Degraw St,Brooklyn,11231
445,Henry St & W 9 St,Brooklyn,11231
706,Kane St & Clinton St,Brooklyn,11231
1242,Pioneer St & Van Brunt St,Brooklyn,11231
784,President St & Henry St,Brooklyn,11231
968,Richards St & Delavan St,Brooklyn,11231
518,Smith St & 3 St,Brooklyn,11231
531,Smith St & 9 St,Brooklyn,11231
19,Van Brunt St & Wolcott St,Brooklyn,11231
1010,Wolcott St & Dwight St,Brooklyn,11231
504,2 Av & 37 St,Brooklyn,11232
579,2 Ave & 32 St,Brooklyn,11232
578,2 Ave & 36 St,Brooklyn,11232
543,21 St & 4 Ave,Brooklyn,11232
527,23 St & 3 Ave,Brooklyn,11232
855,24 St & 5 Ave,Brooklyn,11232
598,29 St & 5 Ave,Brooklyn,11232
87,30 St & 4 Ave,Brooklyn,11232
1128,34 St & 4 Ave,Brooklyn,11232
1374,34 St & 5 Ave,Brooklyn,11232
1447,36 St & 3 Ave,Brooklyn,11232
111,36 St & 4 Ave,Brooklyn,11232
502,39 St & 2 Ave,Brooklyn,11232
1384,4 Ave & 26 St,Brooklyn,11232
838,41 St & 3 Ave,Brooklyn,11232
814,41 St & 4 Ave,Brooklyn,11232
25,42 St & 1 Ave,Brooklyn,11232
682,44 St & 2 Ave,Brooklyn,11232
146,5 Ave & 37 St,Brooklyn,11232
388,5 Ave & 41 St,Brooklyn,11232
74,52 St & 1 Ave,Brooklyn,11232
774,7 Ave & 40 St,Brooklyn,11232
1185,7 Ave & 41 St,Brooklyn,11232
545,Columbia St & W 9 St,Brooklyn,11232
391,Pioneer St & Richards St,Brooklyn,11232
1464,Sigourney St & Columbia St,Brooklyn,11232
230,Van Brunt St & Van Dyke St,Brooklyn,11232
1219,Yankee Ferry Terminal,Brooklyn,11232
1521,Yankee Ferry Terminal,Brooklyn,11232
640,Halsey St & Broadway,Brooklyn,11233
219,Halsey St & Tompkins Ave,Brooklyn,11233
186,Hancock St & Bedford Ave,Brooklyn,11233
857,Macon St & Nostrand Ave,Brooklyn,11233
997,Somers St & Broadway,Brooklyn,11233
1127,Nostrand Ave & Myrtle Ave,Brooklyn,11235
308,Rockaway Ave & Bainbridge St,Brooklyn,11236
1091,Central Ave & Starr Street,Brooklyn,11237
1424,Cypress Ave & Palmetto St,Brooklyn,11237
399,George St & Wilson Ave,Brooklyn,11237
793,Greene Av & Myrtle Av,Brooklyn,11237
1067,Greene Ave & Grandview Ave,Brooklyn,11237
1364,Harrison Pl & Porter Ave,Brooklyn,11237
611,Hart St & Wyckoff Ave,Brooklyn,11237
734,Irving Ave & DeKalb Ave,Brooklyn,11237
1054,Irving Ave & Halsey St,Brooklyn,11237
284,Irving Ave & Harman St,Brooklyn,11237
1226,Irving Ave & Jefferson St,Brooklyn,11237
743,Irving Ave & Palmetto St,Brooklyn,11237
1002,Jefferson St & Cypress Ave,Brooklyn,11237
392,Knickerbocker Ave & George St,Brooklyn,11237
1284,Knickerbocker Ave & Halsey St,Brooklyn,11237
1307,Knickerbocker Ave & Thames St,Brooklyn,11237
1072,Linden St & Knickerbocker Ave,Brooklyn,11237
947,Menahan St & Wyckoff Ave,Brooklyn,11237
1504,Morgan Bike Mechanics,Brooklyn,11237
1497,Morgan Loading Docks,Brooklyn,11237
1481,Morgan WH station,Brooklyn,11237
1379,Myrtle Ave & Grove St,Brooklyn,11237
1206,Myrtle Ave & Lewis Ave,Brooklyn,11237
695,Myrtle Ave & Marcy Ave,Brooklyn,11237
164,Myrtle Ave & St Edwards St,Brooklyn,11237
1416,Putnam Ave & Knickerbocker Ave,Brooklyn,11237
477,Putnam Ave & Wyckoff Ave,Brooklyn,11237
1369,Stanhope St & Fairview Ave,Brooklyn,11237
10,Stewart Ave & Johnson Ave,Brooklyn,11237
773,Suydam St & Knickerbocker Ave,Brooklyn,11237
481,Suydam St & St. Nicholas Ave,Brooklyn,11237
1062,Willoughby Ave & Onderdonk Ave,Brooklyn,11237
1184,Willoughby Ave & Wyckoff Ave,Brooklyn,11237
478,Wilson Ave & Troutman St,Brooklyn,11237
44,Wyckoff Av & Stanhope St,Brooklyn,11237
235,Adelphi St & Myrtle Ave,Brooklyn,11238
955,Cambridge Pl & Gates Ave,Brooklyn,11238
985,Carlton Ave & Dean St,Brooklyn,11238
157,Carlton Ave & Flushing Ave,Brooklyn,11238
489,Classon Ave & St Marks Ave,Brooklyn,11238
777,Clermont Ave & Lafayette Ave,Brooklyn,11238
306,Clermont Ave & Park Ave,Brooklyn,11238
32,Cumberland St & Lafayette Ave,Brooklyn,11238
878,Dean St & Franklin Ave,Brooklyn,11238
775,Eastern Pkwy & Washington Ave,Brooklyn,11238
608,Franklin Ave & St Marks Ave,Brooklyn,11238
853,Fulton St & Waverly Ave,Brooklyn,11238
196,Grand Ave & Bergen St,Brooklyn,11238
881,Lincoln Pl & Classon Ave,Brooklyn,11238
542,Pacific St & Classon Ave,Brooklyn,11238
62,Plaza St East & Flatbush Ave,Brooklyn,11238
520,Plaza St West & Flatbush Ave,Brooklyn,11238
1231,Prospect Pl & Underhill Ave,Brooklyn,11238
1035,St Johns Pl & Washington Ave,Brooklyn,11238
118,Underhill Ave & Lincoln Pl,Brooklyn,11238
1014,Underhill Ave & Pacific St,Brooklyn,11238
79,Washington Ave & Greene Ave,Brooklyn,11238
790,Washington Ave & Park Ave,Brooklyn,11238
457,Bedford Ave & Nassau Ave,Brooklyn,11249
107,Bedford Ave & S 9 St,Brooklyn,11249
227,Berry St & N 8 St,Brooklyn,11249
1319,Division Ave & Marcy Ave,Brooklyn,11249
752,Kent Ave & N 7 St,Brooklyn,11249
932,Kent Ave & S 11 St,Brooklyn,11249
1511,Kent Ave & S 11 St,Brooklyn,11249
414,Metropolitan Ave & Bedford Ave,Brooklyn,11249
1316,N 11 St & Kent Ave,Brooklyn,11249
936,N 6 St & Bedford Ave,Brooklyn,11249
517,Roebling St & N 4 St,Brooklyn,11249
721,S 5 Pl & S 5 St,Brooklyn,11249
1505,S 5th St & Kent Ave (Domino Park Movie Shoot),Brooklyn,11249
129,5 St & Market St,Brooklyn,11251
907,Clinton Ave & Flushing Ave,Brooklyn,11251
877,Dock 72 Way & Market St,Brooklyn,11251
195,Nassau St & Navy St,Brooklyn,11251
322,Park Ave & St Edwards St,Brooklyn,11251
1348,Railroad Ave & Kay Ave,Brooklyn,11251
241,Sands St Gate,Brooklyn,11251
1493,Station demo,Brooklyn,11252
1052,31 Ave & 30 St,Queens,11369
575,31 Ave & 34 St,Queens,11369
208,31 Ave & 57 St,Queens,11369
1453,31 Ave & 61 St,Queens,11369
131,31 Ave & Crescent St,Queens,11369
1150,21 Ave & 80 St,Queens,11370
772,76 St & 21 Ave,Queens,11370
541,Ditmars Blvd & 43 St,Queens,11370
1193,Ditmars Blvd & 48 St,Queens,11370
761,Ditmars Blvd & 73 St,Queens,11370
1387,Ditmars Blvd & 76 St,Queens,11370
1402,Ditmars Blvd & 79 St,Queens,11370
46,Hazen St & 20 Ave,Queens,11370
763,Broadway & 12 St,Queens,11373
1136,Broadway & 49 St,Queens,11373
296,Broadway & 51 St,Queens,11373
1245,49 St & 31 Ave,Queens,11377
1220,50 St & 30 Ave,Queens,11377
1404,50 St & Northern Blvd,Queens,11377
287,51 St & Hobart St,Queens,11377
885,58 St & 32 Ave,Queens,11377
919,62 St & Northern Blvd,Queens,11377
433,Bulova Ave & Brooklyn Queens Expressway W,Queens,11377
1317,Centre St & Seneca Ave,Queens,11385
804,Cypress Ave & George St,Queens,11385
1279,Fairview Ave & Linden St,Queens,11385
403,Flushing Ave & Woodward Ave,Queens,11385
394,Forest Ave & Summerfield St,Queens,11385
1060,Hancock St & Wyckoff Ave,Queens,11385
1342,Harman St & Seneca Ave,Queens,11385
1041,Madison St & Cypress Ave,Queens,11385
646,Madison St & Forest Ave,Queens,11385
183,Madison St & Seneca Ave,Queens,11385
496,Madison St & Woodward Ave,Queens,11385
1276,Menahan St & Onderdonk Ave,Queens,11385
1207,Menahan St & Seneca Ave,Queens,11385
1082,Myrtle Ave & Linden St,Queens,11385
1233,Norman St & Wyckoff Ave,Queens,11385
272,Onderdonk Ave & Dekalb Ave,Queens,11385
6,Onderdonk Ave & Gates Ave,Queens,11385
1451,Stephen St & Seneca Ave,Queens,11385
1288,Woodward Ave & Harman St,Queens,11385
271,Wyckoff Av & Jefferson St,Queens,11385
864,Wyckoff Ave & Gates Ave,Queens,11385
668,Metropolitan Ave & Stewart Ave,Brooklyn,11415